Order-Id,Item-id,Product-Id,Quantity,Sales-Id,Customer-Id,Sales-Price-Per-Prod,Market-Segment
0,0,13,25,8,29,101,retail
1,1,17,14,9,22,188,software
2,2,19,5,9,13,83,software
3,3,16,27,5,24,150,education
4,4,8,10,5,6,155,education
5,5,9,19,0,28,98,financial
6,6,19,8,5,3,82,retail
7,7,12,7,6,17,101,pharmaceutical
8,8,7,14,8,17,132,education
9,9,17,29,8,0,183,realestate
10,10,9,25,5,25,80,realestate
11,11,5,5,5,12,113,financial
12,12,18,17,1,19,84,financial
13,13,10,2,5,21,90,retail
14,14,15,24,3,17,200,pharmaceutical
15,15,12,20,0,22,107,pharmaceutical
16,16,13,9,1,12,135,realestate
17,17,0,14,0,17,120,realestate
18,18,7,20,2,10,146,realestate
19,19,17,24,8,5,188,pharmaceutical
20,20,14,0,8,1,199,software
21,21,0,3,1,6,119,retail
22,22,17,26,9,3,185,financial
23,23,15,14,0,20,201,software
24,24,15,14,4,1,202,education
25,25,19,21,3,1,75,retail
26,26,6,20,8,13,48,software
27,27,9,17,1,26,90,financial
28,28,6,12,8,17,66,retail
29,29,13,9,4,9,141,pharmaceutical
30,30,13,11,5,0,126,pharmaceutical
31,31,1,17,7,0,181,pharmaceutical
32,32,1,9,8,16,184,pharmaceutical
33,33,14,9,3,18,180,realestate
34,34,0,24,8,3,120,realestate
35,35,9,8,7,21,76,retail
36,36,4,11,8,20,165,pharmaceutical
37,37,17,28,6,5,183,pharmaceutical
38,38,16,1,7,10,159,software
39,39,0,25,2,15,123,software
40,40,6,4,5,2,70,realestate
41,41,4,16,7,22,135,realestate
42,42,6,25,0,23,62,retail
43,43,18,2,3,3,101,retail
44,44,7,24,0,22,130,retail
45,45,4,18,0,8,154,pharmaceutical
46,46,15,18,0,28,205,education
47,47,17,3,0,19,194,pharmaceutical
48,48,17,9,1,29,186,realestate
49,49,18,17,1,10,82,retail
50,50,16,7,8,4,162,pharmaceutical
51,51,13,24,5,1,127,retail
52,52,10,0,1,0,124,realestate
53,53,6,20,9,19,61,retail
54,54,19,28,0,0,96,education
55,55,7,25,8,1,129,software
56,56,9,16,2,0,62,retail
57,57,4,9,6,10,146,education
58,58,17,27,9,10,187,software
59,59,18,18,2,5,97,realestate
60,60,1,19,2,1,235,retail
61,61,18,21,9,27,71,pharmaceutical
62,62,4,18,4,16,180,pharmaceutical
63,63,13,15,1,7,115,retail
64,64,6,19,6,17,48,pharmaceutical
65,65,14,17,5,26,187,pharmaceutical
66,66,9,28,5,21,104,pharmaceutical
67,67,9,14,3,20,57,realestate
68,68,5,17,6,24,124,pharmaceutical
69,69,16,9,8,17,157,financial
70,70,3,26,5,4,194,pharmaceutical
71,71,8,14,3,12,118,software
72,72,16,0,4,24,147,realestate
73,73,7,29,1,23,132,realestate
74,74,12,23,0,1,82,realestate
75,75,0,23,4,17,119,retail
76,76,18,11,1,21,57,pharmaceutical
77,77,16,6,1,8,155,financial
78,78,2,19,9,20,206,financial
79,79,7,9,8,26,150,financial
80,80,12,2,2,28,83,retail
81,81,12,24,1,6,88,financial
82,82,14,5,2,17,197,realestate
83,83,14,19,1,6,183,education
84,84,0,17,6,6,119,software
85,85,6,25,1,13,42,retail
86,86,12,9,6,3,88,education
87,87,12,7,6,10,108,retail
88,88,16,20,6,4,150,financial
89,89,1,5,9,9,203,software
90,90,18,5,2,12,52,education
91,91,9,8,4,28,91,software
92,92,15,8,8,22,219,retail
93,93,12,16,7,22,99,realestate
94,94,7,23,2,1,136,realestate
95,95,1,4,4,13,234,software
96,96,1,26,5,14,192,realestate
97,97,7,28,2,14,154,financial
98,98,14,3,8,18,194,pharmaceutical
99,99,17,11,9,15,186,education
100,100,9,22,5,11,57,education
101,101,13,9,2,24,133,realestate
102,102,12,10,2,17,107,retail
103,103,8,25,9,19,139,financial
104,104,12,7,4,2,108,retail
105,105,1,16,5,3,161,education
106,106,11,1,7,15,95,education
107,107,2,22,0,3,207,pharmaceutical
108,108,13,12,1,26,110,financial
109,109,9,10,4,21,83,financial
110,110,19,26,3,18,110,pharmaceutical
111,111,1,4,1,1,226,realestate
112,112,3,18,0,24,175,retail
113,113,7,4,1,21,128,retail
114,114,14,28,4,23,193,realestate
115,115,5,13,9,11,126,financial
116,116,11,23,5,11,121,financial
117,117,2,21,7,18,215,retail
118,118,14,23,3,9,180,software
119,119,12,7,1,7,86,financial
120,120,14,13,2,20,189,software
121,121,4,18,6,21,164,financial
122,122,3,15,2,20,210,education
123,123,2,5,1,6,205,education
124,124,16,27,2,24,157,software
125,125,4,29,9,4,192,pharmaceutical
126,126,16,13,8,26,148,education
127,127,12,25,8,14,85,financial
128,128,0,19,2,27,122,realestate
129,129,7,18,7,7,138,education
130,130,2,7,5,4,200,software
131,131,0,20,4,23,123,financial
132,132,5,22,2,28,96,software
133,133,5,8,6,18,126,retail
134,134,16,25,3,27,159,software
135,135,16,18,9,14,155,software
136,136,6,23,0,2,80,financial
137,137,9,24,6,4,98,financial
138,138,18,3,6,21,52,financial
139,139,0,0,4,8,123,pharmaceutical
140,140,1,20,6,11,203,education
141,141,5,7,6,11,98,pharmaceutical
142,142,16,29,6,0,153,pharmaceutical
143,143,1,9,5,20,200,financial
144,144,17,15,5,3,194,pharmaceutical
145,145,1,3,0,1,226,pharmaceutical
146,146,7,6,8,0,136,pharmaceutical
147,147,9,17,9,13,79,pharmaceutical
148,148,4,13,1,12,156,realestate
149,149,2,25,6,0,206,pharmaceutical
150,150,16,3,6,15,153,financial
151,151,13,14,1,7,121,realestate
152,152,9,24,7,2,86,pharmaceutical
153,153,16,22,4,25,154,software
154,154,1,4,3,14,188,education
155,155,3,14,4,0,173,pharmaceutical
156,156,12,21,0,18,92,financial
157,157,9,9,7,5,101,retail
158,158,18,13,3,8,103,retail
159,159,9,14,9,11,73,realestate
160,160,6,20,9,8,65,retail
161,161,17,23,8,12,193,retail
162,162,17,11,5,19,192,education
163,163,18,10,1,8,76,software
164,164,0,14,7,4,119,realestate
165,165,7,15,1,1,162,retail
166,166,9,14,9,21,75,realestate
167,167,7,27,7,20,166,retail
168,168,6,29,7,9,74,realestate
169,169,18,27,1,21,91,pharmaceutical
170,170,13,4,3,16,109,retail
171,171,7,28,9,19,121,education
172,172,2,13,6,23,213,retail
173,173,5,22,5,3,136,financial
174,174,12,11,1,11,88,software
175,175,1,20,6,14,183,software
176,176,18,27,8,29,68,financial
177,177,15,3,4,8,217,education
178,178,18,25,5,10,78,retail
179,179,7,0,6,24,125,retail
180,180,7,3,4,15,134,education
181,181,4,4,9,4,153,pharmaceutical
182,182,1,14,2,5,222,financial
183,183,0,9,4,3,122,pharmaceutical
184,184,0,22,6,16,122,retail
185,185,6,12,4,3,58,financial
186,186,15,8,9,20,185,software
187,187,1,22,2,7,166,financial
188,188,11,9,8,18,124,retail
189,189,12,3,1,27,86,education
190,190,13,6,2,13,122,retail
191,191,1,29,9,7,180,education
192,192,4,6,2,5,168,education
193,193,13,1,8,7,104,retail
194,194,4,11,6,11,187,education
195,195,8,15,6,7,137,software
196,196,16,1,1,10,155,financial
197,197,12,7,3,18,86,software
198,198,16,17,0,23,157,software
199,199,11,17,1,26,112,realestate
200,200,5,0,2,2,105,education
201,201,9,8,7,4,45,realestate
202,202,1,26,6,20,187,realestate
203,203,18,26,7,25,89,retail
204,204,7,14,1,23,161,retail
205,205,16,14,7,4,153,pharmaceutical
206,206,19,18,3,16,77,financial
207,207,10,3,4,25,149,education
208,208,18,19,1,13,94,education
209,209,18,0,7,0,51,education
210,210,6,1,2,23,63,software
211,211,9,28,5,11,80,realestate
212,212,16,3,2,14,152,pharmaceutical
213,213,18,7,4,8,62,pharmaceutical
214,214,19,24,9,28,109,education
215,215,9,28,6,23,99,pharmaceutical
216,216,16,17,6,4,155,realestate
217,217,4,15,7,26,144,retail
218,218,7,14,7,14,119,software
219,219,18,20,6,27,65,retail
220,220,0,5,4,11,121,software
221,221,17,16,7,15,202,financial
222,222,8,7,5,18,192,education
223,223,12,25,8,10,89,pharmaceutical
224,224,16,20,2,0,160,financial
225,225,7,4,8,18,144,pharmaceutical
226,226,7,14,5,6,142,realestate
227,227,17,7,0,17,195,pharmaceutical
228,228,11,12,8,14,99,software
229,229,8,23,6,0,141,retail
230,230,17,4,4,17,188,software
231,231,19,4,9,12,99,pharmaceutical
232,232,14,19,3,16,196,education
233,233,15,15,6,5,182,realestate
234,234,6,15,4,11,64,education
235,235,1,8,7,3,226,financial
236,236,13,5,5,5,115,financial
237,237,15,11,9,2,205,realestate
238,238,0,18,6,23,121,software
239,239,4,21,8,16,146,pharmaceutical
240,240,2,0,4,18,215,software
241,241,5,8,0,12,120,pharmaceutical
242,242,16,23,9,18,161,retail
243,243,10,16,6,24,151,retail
244,244,3,8,7,14,195,realestate
245,245,8,5,2,18,143,realestate
246,246,17,16,7,11,190,realestate
247,247,8,27,7,9,206,realestate
248,248,7,6,4,6,159,software
249,249,15,25,6,12,182,software
250,250,13,25,7,22,129,retail
251,251,5,12,1,12,94,education
252,252,12,18,8,7,104,realestate
253,253,8,17,1,17,178,retail
254,254,1,4,0,12,218,education
255,255,11,11,9,9,102,education
256,256,8,12,2,11,184,software
257,257,8,8,9,6,139,realestate
258,258,5,17,3,21,129,realestate
259,259,5,29,4,15,133,software
260,260,2,27,4,23,213,realestate
261,261,3,19,8,27,171,retail
262,262,4,23,7,6,135,software
263,263,6,2,7,21,52,realestate
264,264,6,2,1,24,47,software
265,265,17,10,7,16,190,financial
266,266,3,5,4,4,211,education
267,267,13,17,6,27,130,pharmaceutical
268,268,8,10,9,7,173,pharmaceutical
269,269,10,0,0,13,121,education
270,270,13,7,1,17,88,software
271,271,3,25,0,17,176,realestate
272,272,13,27,0,16,100,financial
273,273,8,3,3,20,138,pharmaceutical
274,274,7,21,8,15,150,software
275,275,15,5,2,12,187,financial
276,276,7,2,7,13,146,retail
277,277,16,9,4,2,150,pharmaceutical
278,278,2,20,5,7,210,retail
279,279,13,29,2,29,111,financial
280,280,19,14,9,15,107,financial
281,281,16,9,0,22,162,retail
282,282,2,17,4,19,214,retail
283,283,3,8,7,7,191,education
284,284,15,17,0,11,183,financial
285,285,4,5,1,14,185,pharmaceutical
286,286,15,22,4,19,192,pharmaceutical
287,287,16,1,4,16,150,software
288,288,3,23,3,11,198,education
289,289,14,23,6,12,195,financial
290,290,18,28,3,25,55,software
291,291,17,14,8,22,198,retail
292,292,5,14,0,24,116,retail
293,293,0,6,3,13,119,education
294,294,1,24,0,27,162,pharmaceutical
295,295,18,20,2,8,101,realestate
296,296,11,3,6,10,125,retail
297,297,6,23,3,4,83,software
298,298,16,16,2,29,150,education
299,299,18,0,6,2,87,realestate
300,300,8,11,8,5,158,software
301,301,17,24,6,2,199,education
302,302,1,15,6,13,235,pharmaceutical
303,303,15,21,0,27,188,financial
304,304,12,20,5,22,100,software
305,305,7,23,9,21,157,pharmaceutical
306,306,8,21,4,2,139,retail
307,307,3,15,4,3,198,education
308,308,5,21,7,16,107,financial
309,309,8,26,8,28,180,software
310,310,16,5,2,26,155,financial
311,311,0,18,9,0,123,retail
312,312,12,9,0,22,94,software
313,313,2,4,9,8,217,pharmaceutical
314,314,9,7,2,28,70,pharmaceutical
315,315,19,9,2,23,113,education
316,316,1,19,3,22,216,pharmaceutical
317,317,5,21,0,0,136,software
318,318,18,26,2,24,66,software
319,319,0,25,9,5,122,retail
320,320,10,26,8,16,146,realestate
321,321,19,13,9,24,87,education
322,322,12,23,6,16,87,financial
323,323,8,28,1,19,117,financial
324,324,15,29,4,25,182,education
325,325,12,9,3,15,80,retail
326,326,17,2,6,28,195,retail
327,327,1,9,1,7,224,retail
328,328,7,26,1,17,125,education
329,329,6,26,9,29,82,pharmaceutical
330,330,11,29,6,15,133,retail
331,331,3,27,0,28,176,financial
332,332,17,4,4,26,199,realestate
333,333,3,2,2,25,197,financial
334,334,0,27,2,1,121,education
335,335,8,11,5,18,133,realestate
336,336,9,20,2,14,88,realestate
337,337,15,14,5,22,190,education
338,338,15,0,1,10,213,realestate
339,339,11,3,2,28,109,realestate
340,340,9,2,5,3,60,software
341,341,12,7,5,22,107,education
342,342,6,25,2,28,39,pharmaceutical
343,343,17,18,3,27,202,software
344,344,12,20,2,21,82,realestate
345,345,5,12,4,25,100,retail
346,346,15,15,7,9,202,retail
347,347,5,22,3,17,112,software
348,348,18,8,7,18,59,education
349,349,5,22,0,15,116,financial
350,350,2,15,6,6,213,retail
351,351,2,2,5,6,216,financial
352,352,3,23,8,2,191,financial
353,353,14,28,9,17,190,software
354,354,12,7,1,26,108,pharmaceutical
355,355,7,20,4,1,165,pharmaceutical
356,356,14,11,7,13,188,education
357,357,6,7,9,8,71,pharmaceutical
358,358,14,3,0,22,182,retail
359,359,8,11,4,22,197,pharmaceutical
360,360,9,16,2,15,67,realestate
361,361,17,9,0,11,192,pharmaceutical
362,362,9,28,1,0,47,financial
363,363,8,27,3,8,186,pharmaceutical
364,364,14,20,0,25,187,financial
365,365,8,4,0,25,164,software
366,366,10,5,8,18,103,pharmaceutical
367,367,14,22,9,18,178,retail
368,368,2,18,2,8,203,retail
369,369,18,6,3,27,76,financial
370,370,11,14,6,13,118,financial
371,371,1,23,5,21,190,retail
372,372,7,9,2,12,119,realestate
373,373,14,22,0,5,181,pharmaceutical
374,374,12,22,6,25,92,retail
375,375,19,25,4,8,109,pharmaceutical
376,376,17,22,8,13,189,education
377,377,9,29,4,14,88,pharmaceutical
378,378,12,16,4,22,92,financial
379,379,2,21,7,28,209,education
380,380,9,24,5,10,69,retail
381,381,10,18,1,8,114,pharmaceutical
382,382,19,24,7,18,89,education
383,383,8,6,3,12,199,financial
384,384,5,20,2,27,120,realestate
385,385,11,0,7,26,113,retail
386,386,9,2,9,3,72,software
387,387,5,11,3,13,120,financial
388,388,4,0,3,15,168,education
389,389,19,5,1,14,77,financial
390,390,13,26,3,8,95,retail
391,391,7,10,9,11,121,education
392,392,18,1,8,26,54,education
393,393,7,22,6,12,160,realestate
394,394,1,17,0,10,202,education
395,395,13,2,3,22,142,retail
396,396,4,14,7,10,151,pharmaceutical
397,397,18,18,4,2,84,pharmaceutical
398,398,7,8,2,15,153,realestate
399,399,5,18,4,13,111,financial
400,400,18,22,8,19,81,education
401,401,2,28,6,3,216,retail
402,402,4,29,1,11,138,financial
403,403,8,13,8,25,112,pharmaceutical
404,404,2,14,9,4,209,realestate
405,405,12,6,7,3,109,realestate
406,406,6,17,1,12,82,realestate
407,407,16,15,2,7,152,realestate
408,408,2,27,9,15,208,financial
409,409,18,29,0,17,65,retail
410,410,11,24,2,17,140,realestate
411,411,14,4,5,2,186,education
412,412,3,21,1,25,195,retail
413,413,5,19,8,5,137,financial
414,414,1,5,9,6,226,realestate
415,415,5,13,3,21,114,financial
416,416,12,3,6,17,92,pharmaceutical
417,417,10,19,1,1,146,financial
418,418,12,22,7,23,92,software
419,419,19,17,9,18,85,financial
420,420,10,2,7,16,96,software
421,421,11,8,5,7,130,realestate
422,422,19,10,9,17,73,realestate
423,423,18,17,4,20,83,retail
424,424,17,11,8,20,189,pharmaceutical
425,425,12,7,8,19,82,pharmaceutical
426,426,0,0,9,11,123,financial
427,427,15,23,7,11,205,pharmaceutical
428,428,11,24,3,29,136,pharmaceutical
429,429,11,27,6,10,93,retail
430,430,7,3,8,9,119,software
431,431,4,22,1,12,168,realestate
432,432,6,21,4,11,66,software
433,433,5,24,1,24,129,software
434,434,3,1,2,3,207,realestate
435,435,1,15,0,24,191,pharmaceutical
436,436,12,3,8,29,98,realestate
437,437,14,23,8,0,196,pharmaceutical
438,438,11,4,5,5,125,education
439,439,18,20,0,13,102,retail
440,440,4,19,4,27,194,education
441,441,9,8,3,27,66,education
442,442,16,1,3,16,151,software
443,443,7,20,6,1,161,pharmaceutical
444,444,16,16,8,16,157,education
445,445,13,18,4,23,89,financial
446,446,8,3,1,24,201,software
447,447,4,20,6,2,148,pharmaceutical
448,448,9,3,2,27,98,financial
449,449,12,24,2,24,83,financial
450,450,4,19,6,21,185,realestate
451,451,16,13,1,1,148,realestate
452,452,19,28,5,5,110,realestate
453,453,17,9,6,25,198,financial
454,454,14,26,6,2,194,software
455,455,9,16,5,16,50,retail
456,456,14,1,5,28,195,education
457,457,5,22,7,11,130,retail
458,458,13,7,2,25,142,realestate
459,459,6,13,2,10,82,retail
460,460,11,16,3,25,128,financial
461,461,8,12,1,2,156,software
462,462,14,17,3,2,191,financial
463,463,17,24,0,6,201,pharmaceutical
464,464,0,22,8,29,119,education
465,465,1,15,7,4,175,software
466,466,4,18,4,27,176,financial
467,467,15,13,1,23,207,software
468,468,15,14,9,18,184,software
469,469,17,4,6,8,196,pharmaceutical
470,470,5,23,4,12,104,retail
471,471,11,13,0,17,137,financial
472,472,17,13,1,22,204,education
473,473,16,17,7,28,150,software
474,474,16,26,1,2,154,education
475,475,11,18,2,20,139,pharmaceutical
476,476,12,6,2,24,104,retail
477,477,19,17,5,4,95,pharmaceutical
478,478,0,10,2,28,120,retail
479,479,11,21,5,3,121,realestate
480,480,15,14,9,15,193,retail
481,481,19,25,8,4,117,realestate
482,482,6,23,4,11,81,retail
483,483,0,19,4,29,123,pharmaceutical
484,484,1,4,3,15,220,education
485,485,10,25,3,25,146,realestate
486,486,4,15,2,19,152,retail
487,487,4,28,5,4,146,realestate
488,488,13,20,2,0,95,education
489,489,4,15,8,15,181,retail
490,490,1,0,3,1,199,education
491,491,17,12,8,14,192,software
492,492,0,18,5,10,123,software
493,493,16,18,3,13,150,financial
494,494,16,5,8,23,158,education
495,495,14,16,9,13,197,realestate
496,496,6,5,7,0,41,education
497,497,1,27,1,9,214,software
498,498,6,10,8,13,67,pharmaceutical
499,499,19,7,2,7,86,retail
500,500,12,6,6,17,79,education
501,501,17,29,4,26,205,financial
502,502,11,9,1,28,122,realestate
503,503,13,20,0,11,120,retail
504,504,7,27,9,28,122,pharmaceutical
505,505,13,17,5,20,121,realestate
506,506,19,29,9,13,90,education
507,507,6,0,4,26,52,retail
508,508,18,18,6,7,64,retail
509,509,19,11,2,4,99,financial
510,510,17,4,6,7,189,software
511,511,8,20,9,29,179,financial
512,512,18,1,7,3,99,pharmaceutical
513,513,13,5,0,0,105,education
514,514,17,2,8,5,193,financial
515,515,8,5,8,26,178,financial
516,516,18,6,5,29,91,pharmaceutical
517,517,6,11,4,6,42,software
518,518,19,5,2,14,103,education
519,519,14,13,3,26,198,education
520,520,7,9,8,7,145,software
521,521,7,20,8,23,131,software
522,522,19,4,1,24,80,retail
523,523,4,11,6,26,163,realestate
524,524,1,26,3,11,193,realestate
525,525,16,28,0,17,151,pharmaceutical
526,526,5,15,9,1,114,education
527,527,17,13,9,21,201,education
528,528,4,23,8,2,154,retail
529,529,10,3,8,11,159,pharmaceutical
530,530,6,15,8,2,85,education
531,531,4,6,4,29,194,education
532,532,18,10,5,17,62,realestate
533,533,2,5,4,29,218,education
534,534,13,17,9,16,113,retail
535,535,1,5,2,6,203,education
536,536,14,17,8,6,184,financial
537,537,19,2,7,2,117,education
538,538,8,16,7,27,168,retail
539,539,15,7,5,2,213,retail
540,540,15,16,5,20,213,education
541,541,12,19,9,16,86,pharmaceutical
542,542,11,25,9,25,126,software
543,543,8,15,4,10,201,pharmaceutical
544,544,6,14,1,11,69,education
545,545,5,12,0,26,129,software
546,546,11,3,6,24,141,financial
547,547,11,11,0,17,96,financial
548,548,15,8,9,15,214,realestate
549,549,9,16,2,28,101,retail
550,550,16,7,7,2,158,realestate
551,551,17,13,7,29,188,retail
552,552,19,17,8,10,108,retail
553,553,1,9,7,23,231,pharmaceutical
554,554,1,13,8,10,206,pharmaceutical
555,555,16,26,1,13,153,realestate
556,556,3,21,3,29,185,realestate
557,557,8,24,6,10,161,realestate
558,558,5,8,7,8,123,software
559,559,8,18,8,17,201,pharmaceutical
560,560,8,9,4,13,189,financial
561,561,6,3,1,10,73,retail
562,562,11,24,0,24,124,education
563,563,10,9,5,10,130,retail
564,564,19,24,6,7,100,retail
565,565,19,12,3,11,117,software
566,566,3,3,4,13,214,retail
567,567,11,0,7,15,91,education
568,568,12,23,3,23,99,pharmaceutical
569,569,6,9,5,19,43,realestate
570,570,4,5,0,5,142,pharmaceutical
571,571,10,6,1,0,114,financial
572,572,7,25,9,19,143,software
573,573,11,21,2,9,104,software
574,574,18,7,6,0,87,financial
575,575,4,0,4,7,163,education
576,576,0,18,7,28,119,financial
577,577,15,7,9,24,210,retail
578,578,16,10,0,6,156,education
579,579,2,13,5,2,201,software
580,580,8,19,9,16,203,pharmaceutical
581,581,2,25,3,7,219,pharmaceutical
582,582,4,22,6,4,186,pharmaceutical
583,583,4,3,1,6,131,pharmaceutical
584,584,1,20,7,10,208,software
585,585,18,13,6,20,66,pharmaceutical
586,586,11,25,9,19,113,financial
587,587,12,29,3,24,97,pharmaceutical
588,588,6,27,3,28,50,retail
589,589,15,24,9,13,189,realestate
590,590,16,13,5,3,158,financial
591,591,8,29,6,24,196,financial
592,592,8,3,4,20,133,education
593,593,15,20,4,3,216,software
594,594,9,23,3,9,76,retail
595,595,10,0,2,27,136,pharmaceutical
596,596,5,2,9,27,108,software
597,597,1,10,9,15,172,pharmaceutical
598,598,1,7,3,2,157,retail
599,599,11,14,5,6,124,realestate
600,600,15,1,4,22,200,education
601,601,10,5,7,22,135,pharmaceutical
602,602,10,22,8,23,114,pharmaceutical
603,603,4,27,6,25,163,realestate
604,604,6,2,3,16,55,retail
605,605,12,12,4,7,95,education
606,606,2,15,2,29,211,pharmaceutical
607,607,18,7,7,18,91,retail
608,608,7,26,6,8,137,realestate
609,609,19,28,6,17,108,realestate
610,610,17,16,7,13,194,financial
611,611,12,5,1,26,94,software
612,612,16,29,5,1,146,realestate
613,613,17,17,3,16,190,realestate
614,614,2,13,5,5,200,realestate
615,615,6,18,1,3,58,education
616,616,5,8,8,4,105,realestate
617,617,19,20,3,15,87,realestate
618,618,6,7,3,17,46,retail
619,619,4,25,3,6,142,financial
620,620,2,9,0,17,202,software
621,621,2,7,8,10,204,pharmaceutical
622,622,7,21,5,23,138,software
623,623,9,12,5,4,95,pharmaceutical
624,624,11,14,8,27,130,realestate
625,625,3,9,6,29,193,pharmaceutical
626,626,10,2,9,2,95,financial
627,627,3,17,1,21,179,realestate
628,628,9,20,4,24,50,education
629,629,15,6,9,5,219,education
630,630,7,23,2,11,138,pharmaceutical
631,631,17,6,8,2,185,software
632,632,18,6,4,1,59,retail
633,633,4,18,5,17,171,financial
634,634,11,7,3,15,137,software
635,635,8,16,7,4,133,realestate
636,636,15,17,0,15,212,software
637,637,2,22,5,22,203,financial
638,638,12,5,7,23,108,pharmaceutical
639,639,7,25,8,25,160,retail
640,640,0,0,6,18,122,retail
641,641,13,24,3,6,135,realestate
642,642,10,26,4,18,122,software
643,643,13,4,9,17,112,financial
644,644,1,16,3,27,228,financial
645,645,0,17,5,7,119,financial
646,646,13,1,2,28,87,financial
647,647,0,10,1,7,119,retail
648,648,0,0,4,20,122,realestate
649,649,18,25,4,9,81,retail
650,650,6,8,3,14,82,software
651,651,17,7,8,8,196,retail
652,652,2,13,0,25,206,retail
653,653,17,16,5,19,193,retail
654,654,0,29,5,2,119,software
655,655,19,20,4,16,73,financial
656,656,6,15,2,4,77,software
657,657,0,2,8,29,120,financial
658,658,7,25,7,21,123,pharmaceutical
659,659,2,0,5,9,212,retail
660,660,3,13,1,13,166,retail
661,661,11,24,9,1,141,realestate
662,662,1,14,4,21,235,software
663,663,1,2,3,7,224,pharmaceutical
664,664,13,6,6,5,132,financial
665,665,10,17,2,12,125,financial
666,666,6,10,6,10,59,retail
667,667,7,0,8,0,149,pharmaceutical
668,668,4,10,4,22,169,software
669,669,10,26,6,3,140,education
670,670,6,24,4,23,58,pharmaceutical
671,671,19,2,9,6,109,pharmaceutical
672,672,5,23,4,17,119,education
673,673,14,22,1,16,180,financial
674,674,6,7,9,25,50,pharmaceutical
675,675,6,11,6,6,68,pharmaceutical
676,676,17,5,1,25,185,retail
677,677,1,9,9,14,185,financial
678,678,7,20,5,3,138,education
679,679,11,11,4,4,116,retail
680,680,9,25,8,29,56,retail
681,681,5,2,3,10,112,financial
682,682,6,28,0,25,72,financial
683,683,18,15,3,25,91,financial
684,684,3,9,4,23,189,realestate
685,685,3,18,4,9,172,education
686,686,0,3,8,27,119,software
687,687,6,29,2,15,41,education
688,688,12,15,7,11,94,software
689,689,5,26,6,27,114,realestate
690,690,11,4,9,14,122,software
691,691,14,13,7,6,197,software
692,692,14,7,1,25,180,retail
693,693,6,6,4,2,64,education
694,694,0,9,0,5,123,software
695,695,15,15,2,19,182,financial
696,696,9,1,5,4,52,education
697,697,14,28,0,28,181,retail
698,698,0,12,6,14,120,realestate
699,699,4,10,1,13,152,financial
700,700,7,11,9,0,126,pharmaceutical
701,701,0,13,0,24,121,realestate
702,702,13,7,3,6,88,retail
703,703,17,8,4,7,190,retail
704,704,12,14,7,18,106,software
705,705,8,2,1,1,174,software
706,706,13,19,6,16,93,retail
707,707,10,12,0,12,114,education
708,708,9,28,2,11,81,financial
709,709,4,6,2,14,168,pharmaceutical
710,710,14,23,0,9,182,education
711,711,1,24,2,2,190,pharmaceutical
712,712,0,0,6,29,123,realestate
713,713,11,28,2,20,134,education
714,714,6,22,1,26,55,pharmaceutical
715,715,0,10,7,22,119,pharmaceutical
716,716,9,24,7,14,55,pharmaceutical
717,717,9,23,7,23,53,realestate
718,718,19,26,7,9,79,pharmaceutical
719,719,10,0,6,3,154,realestate
720,720,9,1,8,14,97,education
721,721,3,24,9,23,212,realestate
722,722,15,2,7,12,186,education
723,723,7,24,8,25,141,retail
724,724,15,0,5,19,199,financial
725,725,3,3,1,26,200,retail
726,726,2,28,4,27,216,software
727,727,6,19,3,5,76,software
728,728,5,28,2,6,122,realestate
729,729,7,7,4,24,159,realestate
730,730,16,23,1,19,148,pharmaceutical
731,731,3,2,2,22,180,retail
732,732,5,28,4,23,135,pharmaceutical
733,733,3,4,1,18,170,software
734,734,13,18,9,24,143,retail
735,735,7,18,0,29,139,software
736,736,16,10,2,12,154,pharmaceutical
737,737,13,26,8,7,132,financial
738,738,4,10,0,6,132,pharmaceutical
739,739,2,5,6,22,217,financial
740,740,5,22,7,16,100,education
741,741,7,26,3,12,138,software
742,742,4,23,9,15,170,software
743,743,7,19,3,23,149,pharmaceutical
744,744,2,12,3,12,202,pharmaceutical
745,745,0,9,6,14,119,software
746,746,15,14,4,6,204,software
747,747,18,3,6,3,90,financial
748,748,0,28,7,21,121,retail
749,749,10,26,4,21,131,education
750,750,10,19,4,24,104,retail
751,751,2,21,8,15,209,realestate
752,752,5,13,4,27,111,software
753,753,16,2,1,7,152,realestate
754,754,18,15,2,13,66,education
755,755,18,26,9,27,67,software
756,756,7,11,1,14,159,retail
757,757,4,22,2,24,151,financial
758,758,12,29,3,27,105,realestate
759,759,0,8,1,9,120,education
760,760,9,24,8,27,50,retail
761,761,5,26,5,1,122,software
762,762,3,25,5,24,173,software
763,763,5,27,5,13,112,realestate
764,764,13,4,0,10,116,financial
765,765,8,24,3,16,197,retail
766,766,15,12,9,16,207,realestate
767,767,8,2,3,22,136,realestate
768,768,2,19,0,9,202,realestate
769,769,16,20,3,6,151,education
770,770,7,22,3,25,129,software
771,771,1,7,1,21,220,education
772,772,12,5,4,7,102,education
773,773,12,4,2,10,97,retail
774,774,16,5,1,27,149,pharmaceutical
775,775,13,5,2,0,114,pharmaceutical
776,776,2,9,1,24,218,retail
777,777,4,7,7,27,158,education
778,778,9,4,1,9,67,software
779,779,0,20,0,27,119,realestate
780,780,0,9,5,3,120,realestate
781,781,12,23,3,3,103,pharmaceutical
782,782,15,29,4,25,188,pharmaceutical
783,783,12,18,3,25,102,realestate
784,784,8,9,1,15,188,education
785,785,13,14,2,14,137,financial
786,786,10,3,2,27,115,realestate
787,787,10,16,2,26,107,pharmaceutical
788,788,7,22,0,27,145,realestate
789,789,14,3,1,25,179,pharmaceutical
790,790,6,9,1,22,64,realestate
791,791,3,23,6,8,198,financial
792,792,10,5,0,1,109,software
793,793,16,5,7,15,146,retail
794,794,8,3,7,21,201,pharmaceutical
795,795,1,26,6,23,167,software
796,796,5,11,1,22,122,retail
797,797,14,6,7,1,179,realestate
798,798,9,15,1,18,45,software
799,799,11,0,1,29,111,education
800,800,8,13,0,4,195,retail
801,801,1,14,8,22,160,realestate
802,802,9,23,1,19,71,realestate
803,803,15,11,9,2,178,financial
804,804,7,23,6,29,153,retail
805,805,11,16,5,24,120,realestate
806,806,5,26,0,15,98,retail
807,807,3,26,9,3,184,software
808,808,8,8,3,22,127,retail
809,809,7,6,4,5,125,software
810,810,15,3,7,3,183,realestate
811,811,3,26,8,12,193,retail
812,812,12,7,3,6,110,pharmaceutical
813,813,1,28,0,26,162,software
814,814,3,5,5,3,184,retail
815,815,2,10,0,21,199,retail
816,816,19,26,6,8,77,retail
817,817,7,13,5,15,129,education
818,818,15,10,2,28,186,retail
819,819,16,4,5,3,153,pharmaceutical
820,820,18,13,9,26,84,education
821,821,4,2,7,11,188,education
822,822,16,24,6,18,149,financial
823,823,12,4,6,16,87,pharmaceutical
824,824,19,26,3,1,71,retail
825,825,16,25,9,14,146,education
826,826,16,16,5,18,154,retail
827,827,8,7,5,29,141,software
828,828,3,16,5,18,207,education
829,829,3,3,9,19,207,realestate
830,830,4,5,9,1,140,retail
831,831,6,13,4,15,70,software
832,832,4,22,9,13,163,financial
833,833,4,4,4,9,186,software
834,834,7,15,1,17,166,education
835,835,1,18,1,6,167,education
836,836,18,17,9,19,75,software
837,837,2,19,1,17,200,software
838,838,5,11,7,12,136,education
839,839,16,14,8,23,146,realestate
840,840,8,2,1,8,140,pharmaceutical
841,841,13,13,4,26,116,financial
842,842,10,25,1,10,124,financial
843,843,11,1,3,7,135,retail
844,844,13,22,9,19,133,education
845,845,17,20,0,20,199,realestate
846,846,15,11,1,7,180,retail
847,847,14,12,5,16,194,retail
848,848,17,3,6,6,196,realestate
849,849,17,2,3,19,186,pharmaceutical
850,850,10,2,3,28,130,software
851,851,3,16,9,10,209,education
852,852,15,20,6,8,196,education
853,853,3,10,3,18,214,education
854,854,15,9,1,27,206,financial
855,855,16,24,2,15,150,financial
856,856,4,0,2,29,154,software
857,857,14,2,0,15,194,retail
858,858,14,22,3,16,179,education
859,859,5,10,0,2,135,realestate
860,860,12,19,0,14,89,realestate
861,861,1,1,1,12,175,financial
862,862,1,2,4,28,159,software
863,863,19,28,3,12,103,retail
864,864,13,27,4,2,130,software
865,865,18,4,4,20,61,retail
866,866,0,0,4,13,123,financial
867,867,2,26,2,8,210,pharmaceutical
868,868,17,24,5,5,187,software
869,869,3,8,0,1,169,realestate
870,870,3,0,7,10,165,education
871,871,6,20,0,14,52,pharmaceutical
872,872,19,23,2,28,94,retail
873,873,3,7,9,23,177,education
874,874,17,25,3,0,201,pharmaceutical
875,875,18,10,2,0,92,realestate
876,876,11,5,5,23,115,pharmaceutical
877,877,17,29,5,29,202,pharmaceutical
878,878,1,12,0,21,173,realestate
879,879,18,14,2,20,85,software
880,880,15,23,8,29,190,retail
881,881,7,19,8,23,147,pharmaceutical
882,882,10,26,7,12,127,realestate
883,883,7,29,6,26,121,pharmaceutical
884,884,17,12,0,10,204,education
885,885,7,21,9,10,162,software
886,886,5,15,9,27,116,retail
887,887,17,2,0,7,201,realestate
888,888,17,26,2,25,192,education
889,889,5,15,7,16,129,pharmaceutical
890,890,3,24,4,23,211,financial
891,891,16,12,7,23,151,financial
892,892,12,10,1,19,94,education
893,893,12,21,5,22,89,financial
894,894,18,18,7,21,59,financial
895,895,15,3,3,0,216,pharmaceutical
896,896,4,20,6,25,158,retail
897,897,1,15,3,23,177,financial
898,898,17,24,8,17,191,education
899,899,7,9,5,17,163,pharmaceutical
900,900,0,8,9,22,122,realestate
901,901,18,8,8,21,67,education
902,902,19,24,4,7,78,realestate
903,903,16,17,9,23,150,pharmaceutical
904,904,16,8,5,18,161,retail
905,905,12,4,4,19,86,financial
906,906,9,16,7,17,54,financial
907,907,10,4,4,12,98,financial
908,908,18,23,1,27,92,pharmaceutical
909,909,13,25,7,26,101,software
910,910,19,21,2,13,82,education
911,911,7,28,6,22,157,financial
912,912,0,28,0,3,122,pharmaceutical
913,913,9,4,0,11,52,education
914,914,0,20,0,1,120,realestate
915,915,5,0,8,17,102,retail
916,916,5,13,5,22,103,education
917,917,0,27,8,26,122,realestate
918,918,15,12,4,15,199,retail
919,919,12,23,0,12,90,pharmaceutical
920,920,11,12,0,3,140,pharmaceutical
921,921,16,1,9,4,149,education
922,922,11,12,5,1,101,software
923,923,18,6,6,16,102,pharmaceutical
924,924,3,10,2,21,201,education
925,925,9,21,9,11,70,financial
926,926,13,26,0,13,110,education
927,927,2,24,3,1,210,pharmaceutical
928,928,4,13,1,5,182,retail
929,929,3,0,0,21,209,financial
930,930,17,10,5,16,187,pharmaceutical
931,931,3,28,4,20,181,education
932,932,14,7,3,3,197,software
933,933,16,5,3,10,152,retail
934,934,17,20,9,17,191,software
935,935,1,5,9,4,222,realestate
936,936,7,0,3,4,153,financial
937,937,7,24,2,4,161,realestate
938,938,17,17,7,19,191,retail
939,939,15,28,5,29,183,pharmaceutical
940,940,17,26,0,7,192,software
941,941,13,9,9,0,132,software
942,942,11,11,3,13,114,retail
943,943,5,27,2,6,132,retail
944,944,4,9,0,5,191,software
945,945,15,17,7,19,205,pharmaceutical
946,946,0,6,6,17,123,education
947,947,8,16,5,28,187,realestate
948,948,3,15,7,23,208,financial
949,949,17,3,8,20,185,financial
950,950,18,9,3,14,88,retail
951,951,17,22,0,1,193,realestate
952,952,1,23,5,7,215,realestate
953,953,5,26,7,12,134,realestate
954,954,17,2,4,9,204,financial
955,955,2,10,9,19,212,realestate
956,956,4,15,6,8,149,financial
957,957,0,2,3,8,121,pharmaceutical
958,958,12,10,0,29,79,education
959,959,8,2,9,0,158,financial
960,960,13,5,0,8,96,realestate
961,961,3,29,8,27,179,financial
962,962,1,10,4,28,177,education
963,963,6,10,1,16,53,pharmaceutical
964,964,12,27,4,5,92,pharmaceutical
965,965,5,21,3,18,132,pharmaceutical
966,966,5,14,4,18,128,retail
967,967,7,6,1,26,167,education
968,968,1,27,9,15,187,financial
969,969,18,28,8,25,61,financial
970,970,18,27,8,17,99,retail
971,971,12,17,1,1,106,pharmaceutical
972,972,5,20,4,10,94,education
973,973,16,2,1,17,147,education
974,974,7,29,7,2,150,financial
975,975,0,21,6,4,120,software
976,976,15,19,9,27,196,education
977,977,2,15,4,29,205,pharmaceutical
978,978,5,6,4,16,105,financial
979,979,13,7,8,22,99,software
980,980,10,29,2,20,127,software
981,981,15,25,4,28,202,retail
982,982,16,11,3,11,158,software
983,983,16,28,5,2,162,retail
984,984,11,10,2,20,124,realestate
985,985,3,11,4,20,176,realestate
986,986,18,27,1,21,56,realestate
987,987,13,29,0,17,126,education
988,988,16,15,5,28,146,education
989,989,1,10,2,13,164,software
990,990,9,13,2,18,98,realestate
991,991,9,16,2,18,59,software
992,992,3,24,9,25,205,software
993,993,17,11,2,3,192,education
994,994,8,18,5,11,204,education
995,995,13,9,5,18,135,realestate
996,996,6,4,2,9,51,education
997,997,13,29,6,25,118,financial
998,998,15,28,5,10,191,software
999,999,0,17,7,21,120,pharmaceutical
1000,1000,13,0,0,9,95,realestate
1001,1001,13,9,1,29,140,software
1002,1002,19,12,9,4,107,software
1003,1003,17,11,3,29,196,financial
1004,1004,14,23,8,12,184,education
1005,1005,11,7,2,1,94,software
1006,1006,5,11,2,6,100,software
1007,1007,4,2,8,14,180,financial
1008,1008,13,4,3,29,127,pharmaceutical
1009,1009,12,10,8,28,93,realestate
1010,1010,4,18,2,20,176,financial
1011,1011,15,11,2,4,197,realestate
1012,1012,0,25,4,6,122,financial
1013,1013,9,4,6,20,101,retail
1014,1014,6,21,8,6,57,education
1015,1015,16,28,5,0,148,software
1016,1016,9,17,7,10,87,realestate
1017,1017,19,22,2,5,106,pharmaceutical
1018,1018,13,3,1,1,129,financial
1019,1019,14,21,5,18,181,financial
1020,1020,3,0,8,22,215,education
1021,1021,3,18,6,21,180,financial
1022,1022,18,8,4,26,89,financial
1023,1023,9,0,1,0,91,financial
1024,1024,19,16,9,27,80,software
1025,1025,9,24,4,19,101,realestate
1026,1026,7,13,6,27,137,realestate
1027,1027,3,4,4,25,189,financial
1028,1028,12,24,7,7,88,education
1029,1029,7,12,9,23,155,software
1030,1030,10,23,6,5,101,realestate
1031,1031,5,24,5,15,122,financial
1032,1032,19,8,3,26,103,retail
1033,1033,14,19,4,24,192,software
1034,1034,17,25,0,24,200,retail
1035,1035,3,18,7,13,178,realestate
1036,1036,16,25,5,13,151,realestate
1037,1037,1,9,6,13,217,software
1038,1038,3,20,6,13,202,realestate
1039,1039,17,17,8,10,183,education
1040,1040,19,19,8,15,98,financial
1041,1041,7,13,3,21,167,realestate
1042,1042,8,27,9,1,148,retail
1043,1043,2,13,6,21,213,education
1044,1044,7,27,1,12,147,education
1045,1045,8,18,3,8,192,education
1046,1046,5,22,9,22,108,financial
1047,1047,15,17,2,17,210,retail
1048,1048,4,29,7,29,152,realestate
1049,1049,7,1,2,25,125,realestate
1050,1050,10,13,4,19,127,financial
1051,1051,5,9,0,20,104,realestate
1052,1052,5,14,1,28,100,realestate
1053,1053,15,28,1,0,217,financial
1054,1054,17,10,6,4,193,realestate
1055,1055,0,26,2,3,122,pharmaceutical
1056,1056,4,17,4,15,159,retail
1057,1057,3,1,3,20,209,realestate
1058,1058,5,15,6,29,126,software
1059,1059,13,3,8,3,87,software
1060,1060,10,17,5,24,125,retail
1061,1061,8,24,4,1,150,pharmaceutical
1062,1062,0,21,3,25,119,financial
1063,1063,2,17,8,12,214,pharmaceutical
1064,1064,11,27,3,8,106,education
1065,1065,18,21,0,27,99,realestate
1066,1066,7,4,5,17,127,education
1067,1067,17,8,3,13,190,financial
1068,1068,3,15,5,13,167,realestate
1069,1069,16,1,5,9,160,financial
1070,1070,11,2,6,26,107,financial
1071,1071,11,21,6,14,135,retail
1072,1072,8,7,2,23,161,financial
1073,1073,18,18,5,3,53,financial
1074,1074,17,25,0,6,197,financial
1075,1075,11,22,4,2,132,realestate
1076,1076,4,16,7,27,194,software
1077,1077,4,6,2,22,182,software
1078,1078,3,15,8,26,176,retail
1079,1079,8,26,7,25,187,realestate
1080,1080,19,9,7,29,76,education
1081,1081,17,8,7,29,189,education
1082,1082,18,20,2,2,84,retail
1083,1083,19,6,8,26,98,realestate
1084,1084,5,0,8,2,101,realestate
1085,1085,0,27,5,2,119,retail
1086,1086,5,26,9,5,106,software
1087,1087,18,21,9,29,65,software
1088,1088,14,18,7,4,188,realestate
1089,1089,12,28,6,15,105,software
1090,1090,15,26,6,3,216,financial
1091,1091,14,2,3,9,181,education
1092,1092,19,12,0,19,91,financial
1093,1093,12,1,9,7,105,software
1094,1094,4,21,0,12,151,pharmaceutical
1095,1095,19,11,2,17,112,financial
1096,1096,6,0,1,23,68,financial
1097,1097,10,24,1,22,140,financial
1098,1098,18,19,7,20,87,retail
1099,1099,4,20,3,2,176,software
1100,1100,10,5,8,15,120,pharmaceutical
1101,1101,13,2,9,0,98,pharmaceutical
1102,1102,19,25,8,24,119,pharmaceutical
1103,1103,13,20,4,29,92,software
1104,1104,17,1,1,2,198,software
1105,1105,9,8,0,26,79,pharmaceutical
1106,1106,13,13,4,24,133,software
1107,1107,14,16,3,20,199,financial
1108,1108,6,24,0,0,84,education
1109,1109,12,6,2,21,102,education
1110,1110,10,26,5,11,90,retail
1111,1111,10,14,0,17,90,software
1112,1112,2,23,8,8,217,pharmaceutical
1113,1113,11,7,3,26,110,pharmaceutical
1114,1114,9,7,7,20,70,financial
1115,1115,11,10,1,14,97,pharmaceutical
1116,1116,12,13,5,17,88,realestate
1117,1117,11,23,4,8,129,financial
1118,1118,9,8,6,19,95,pharmaceutical
1119,1119,18,23,3,12,70,financial
1120,1120,18,2,0,26,86,retail
1121,1121,10,28,3,6,88,financial
1122,1122,17,6,2,29,203,pharmaceutical
1123,1123,6,7,3,27,57,software
1124,1124,8,17,0,5,137,realestate
1125,1125,6,22,2,27,49,realestate
1126,1126,19,20,4,12,114,financial
1127,1127,4,23,1,26,163,retail
1128,1128,3,16,8,5,169,pharmaceutical
1129,1129,17,0,6,7,198,financial
1130,1130,6,16,1,16,80,financial
1131,1131,7,22,4,19,162,financial
1132,1132,10,23,0,3,111,education
1133,1133,19,24,1,13,116,retail
1134,1134,18,7,1,4,55,software
1135,1135,9,22,2,19,62,financial
1136,1136,4,1,0,6,173,education
1137,1137,0,1,9,16,121,pharmaceutical
1138,1138,1,8,4,23,197,realestate
1139,1139,17,7,8,2,191,software
1140,1140,3,25,4,27,168,software
1141,1141,1,17,2,23,174,financial
1142,1142,5,2,4,11,130,retail
1143,1143,18,3,1,15,57,retail
1144,1144,14,16,4,1,178,retail
1145,1145,3,27,1,16,178,pharmaceutical
1146,1146,18,21,9,21,59,software
1147,1147,18,15,5,9,59,retail
1148,1148,14,27,6,14,180,education
1149,1149,4,17,7,25,171,realestate
1150,1150,11,1,5,7,130,retail
1151,1151,14,20,3,26,186,financial
1152,1152,3,2,6,0,207,realestate
1153,1153,11,19,5,26,108,pharmaceutical
1154,1154,14,15,8,10,190,retail
1155,1155,2,22,8,23,208,education
1156,1156,13,5,3,7,134,retail
1157,1157,15,24,3,7,195,realestate
1158,1158,19,6,8,23,92,education
1159,1159,13,13,0,4,128,realestate
1160,1160,10,27,1,28,127,financial
1161,1161,3,16,8,14,176,pharmaceutical
1162,1162,2,1,7,13,210,education
1163,1163,14,9,9,10,185,education
1164,1164,19,4,2,22,112,education
1165,1165,12,2,1,18,89,realestate
1166,1166,7,14,0,11,163,pharmaceutical
1167,1167,17,22,3,29,202,realestate
1168,1168,3,20,1,22,181,financial
1169,1169,8,15,1,10,137,education
1170,1170,4,13,9,19,167,education
1171,1171,18,2,7,13,60,retail
1172,1172,13,2,9,3,115,financial
1173,1173,15,12,6,22,209,realestate
1174,1174,15,29,5,8,188,pharmaceutical
1175,1175,5,13,7,24,107,financial
1176,1176,10,11,0,8,156,realestate
1177,1177,4,0,7,7,139,financial
1178,1178,2,28,9,28,218,realestate
1179,1179,3,18,1,4,210,education
1180,1180,7,24,5,3,163,retail
1181,1181,19,12,2,11,90,retail
1182,1182,6,0,3,16,50,retail
1183,1183,0,11,4,16,122,pharmaceutical
1184,1184,5,4,7,12,121,financial
1185,1185,14,17,6,26,181,software
1186,1186,6,17,1,26,50,retail
1187,1187,10,17,2,28,143,retail
1188,1188,18,26,3,12,96,pharmaceutical
1189,1189,2,10,3,29,205,retail
1190,1190,13,28,3,3,126,retail
1191,1191,14,25,5,1,194,pharmaceutical
1192,1192,16,2,9,1,155,retail
1193,1193,12,28,0,29,108,realestate
1194,1194,6,27,7,14,84,retail
1195,1195,2,13,1,17,205,education
1196,1196,1,2,7,0,221,financial
1197,1197,5,2,8,7,107,education
1198,1198,0,21,7,7,119,realestate
1199,1199,15,24,1,29,201,pharmaceutical
1200,1200,9,0,2,5,101,education
1201,1201,19,14,6,7,71,financial
1202,1202,7,7,5,10,123,realestate
1203,1203,1,10,7,12,164,software
1204,1204,1,25,3,5,161,software
1205,1205,1,16,9,11,232,retail
1206,1206,18,21,8,24,85,retail
1207,1207,9,13,8,2,105,education
1208,1208,6,14,6,6,41,realestate
1209,1209,19,25,3,18,88,pharmaceutical
1210,1210,0,7,6,23,119,software
1211,1211,2,12,0,4,213,pharmaceutical
1212,1212,3,22,0,4,207,software
1213,1213,11,25,1,20,140,retail
1214,1214,17,16,9,18,199,software
1215,1215,9,21,5,21,98,education
1216,1216,16,1,6,24,157,realestate
1217,1217,11,22,6,22,97,retail
1218,1218,18,14,9,23,59,pharmaceutical
1219,1219,12,8,7,26,89,pharmaceutical
1220,1220,18,20,5,7,70,pharmaceutical
1221,1221,0,18,6,13,121,software
1222,1222,17,12,3,15,194,retail
1223,1223,11,18,6,8,124,realestate
1224,1224,0,22,1,14,123,education
1225,1225,12,12,5,2,104,software
1226,1226,7,18,1,22,138,software
1227,1227,14,3,4,19,186,software
1228,1228,16,12,2,9,146,education
1229,1229,9,15,4,2,63,realestate
1230,1230,8,20,2,10,118,realestate
1231,1231,5,2,7,7,126,pharmaceutical
1232,1232,19,18,2,20,101,realestate
1233,1233,19,14,4,10,71,education
1234,1234,17,10,8,22,190,financial
1235,1235,1,24,5,12,215,financial
1236,1236,3,14,2,0,197,realestate
1237,1237,12,16,9,18,87,education
1238,1238,8,16,0,7,128,realestate
1239,1239,3,13,2,14,177,pharmaceutical
1240,1240,11,28,3,24,138,software
1241,1241,14,29,4,10,196,financial
1242,1242,5,28,3,2,116,realestate
1243,1243,16,27,9,15,153,realestate
1244,1244,9,19,3,15,63,retail
1245,1245,5,15,6,11,114,retail
1246,1246,6,8,1,22,41,pharmaceutical
1247,1247,18,10,3,7,68,education
1248,1248,5,0,8,21,131,software
1249,1249,15,18,3,5,180,retail
1250,1250,2,15,9,0,217,education
1251,1251,2,23,1,17,217,financial
1252,1252,6,4,9,0,79,pharmaceutical
1253,1253,13,17,8,14,138,education
1254,1254,7,13,4,4,161,retail
1255,1255,11,20,7,1,120,financial
1256,1256,6,11,5,25,56,financial
1257,1257,0,5,3,6,123,pharmaceutical
1258,1258,1,4,4,22,236,education
1259,1259,10,8,5,18,123,education
1260,1260,19,14,8,20,103,education
1261,1261,1,17,7,6,227,retail
1262,1262,11,0,6,9,111,pharmaceutical
1263,1263,12,13,1,8,91,pharmaceutical
1264,1264,8,27,8,0,176,realestate
1265,1265,15,9,6,3,199,software
1266,1266,16,19,3,12,157,software
1267,1267,2,12,1,27,202,pharmaceutical
1268,1268,2,10,1,13,206,education
1269,1269,12,19,6,5,84,education
1270,1270,19,1,6,24,87,software
1271,1271,15,13,4,22,210,software
1272,1272,11,22,2,15,137,retail
1273,1273,6,4,7,1,53,retail
1274,1274,13,17,3,14,146,financial
1275,1275,1,28,2,13,185,financial
1276,1276,14,16,0,11,197,realestate
1277,1277,12,11,5,14,91,financial
1278,1278,0,28,3,1,123,financial
1279,1279,9,12,9,5,79,education
1280,1280,19,7,4,11,110,software
1281,1281,4,7,3,15,175,retail
1282,1282,13,22,6,25,100,education
1283,1283,8,28,8,6,156,pharmaceutical
1284,1284,10,9,4,18,146,financial
1285,1285,1,9,9,14,158,education
1286,1286,19,13,5,22,86,education
1287,1287,0,29,7,28,122,software
1288,1288,10,18,6,7,91,retail
1289,1289,6,21,5,11,83,pharmaceutical
1290,1290,3,19,5,6,192,software
1291,1291,19,4,5,2,75,financial
1292,1292,3,24,7,21,186,pharmaceutical
1293,1293,13,19,2,7,121,education
1294,1294,5,8,2,1,131,pharmaceutical
1295,1295,4,2,5,20,135,financial
1296,1296,0,17,8,5,122,pharmaceutical
1297,1297,11,1,2,16,120,realestate
1298,1298,8,14,5,18,204,pharmaceutical
1299,1299,5,12,4,28,133,pharmaceutical
1300,1300,8,3,4,10,181,education
1301,1301,4,20,8,10,195,software
1302,1302,6,26,9,16,45,software
1303,1303,17,23,8,14,192,realestate
1304,1304,8,7,0,26,119,education
1305,1305,12,20,6,20,97,financial
1306,1306,2,0,2,23,213,financial
1307,1307,3,5,0,7,217,pharmaceutical
1308,1308,10,26,1,7,142,education
1309,1309,13,20,9,9,127,retail
1310,1310,19,21,0,24,107,retail
1311,1311,19,16,7,17,74,realestate
1312,1312,14,20,3,23,188,pharmaceutical
1313,1313,4,5,9,22,186,education
1314,1314,11,1,7,16,137,education
1315,1315,1,24,2,6,161,retail
1316,1316,6,14,4,0,73,financial
1317,1317,7,10,9,17,121,education
1318,1318,17,14,4,24,184,realestate
1319,1319,8,13,0,29,187,pharmaceutical
1320,1320,9,16,2,15,60,pharmaceutical
1321,1321,4,11,2,28,134,financial
1322,1322,10,29,8,20,114,software
1323,1323,1,22,2,22,196,retail
1324,1324,16,28,7,19,147,software
1325,1325,5,9,1,9,112,financial
1326,1326,1,28,7,27,167,education
1327,1327,17,9,5,22,196,financial
1328,1328,7,16,9,22,131,pharmaceutical
1329,1329,3,8,7,10,184,software
1330,1330,2,5,4,8,205,pharmaceutical
1331,1331,1,13,1,5,211,pharmaceutical
1332,1332,19,25,8,12,84,software
1333,1333,1,12,9,9,156,retail
1334,1334,1,5,9,17,232,education
1335,1335,13,24,4,28,116,financial
1336,1336,6,5,6,11,42,pharmaceutical
1337,1337,11,21,7,6,121,realestate
1338,1338,3,22,8,7,198,pharmaceutical
1339,1339,4,27,4,0,144,software
1340,1340,1,0,4,25,158,pharmaceutical
1341,1341,8,27,8,17,113,retail
1342,1342,11,2,5,7,91,pharmaceutical
1343,1343,8,10,1,3,169,software
1344,1344,6,6,2,0,48,realestate
1345,1345,5,20,5,16,107,software
1346,1346,14,22,3,22,181,financial
1347,1347,13,11,5,24,144,realestate
1348,1348,17,10,0,0,197,retail
1349,1349,0,23,0,3,123,financial
1350,1350,10,9,8,2,154,financial
1351,1351,0,6,8,14,119,realestate
1352,1352,10,16,0,7,107,software
1353,1353,5,1,5,2,103,realestate
1354,1354,1,3,7,0,176,pharmaceutical
1355,1355,15,12,9,0,209,financial
1356,1356,5,8,2,4,122,realestate
1357,1357,0,10,6,24,122,pharmaceutical
1358,1358,9,25,9,2,49,education
1359,1359,19,28,7,27,98,software
1360,1360,2,8,9,13,212,financial
1361,1361,19,14,8,20,106,retail
1362,1362,5,9,2,11,98,software
1363,1363,2,24,6,27,200,pharmaceutical
1364,1364,4,7,3,26,134,education
1365,1365,15,26,0,26,211,pharmaceutical
1366,1366,3,26,4,0,214,financial
1367,1367,3,9,8,22,188,retail
1368,1368,15,15,1,11,178,pharmaceutical
1369,1369,3,26,4,1,194,financial
1370,1370,14,9,0,19,191,retail
1371,1371,8,23,4,1,185,realestate
1372,1372,3,22,1,19,201,financial
1373,1373,8,3,1,15,136,retail
1374,1374,12,22,8,12,94,retail
1375,1375,3,28,2,1,215,retail
1376,1376,8,5,2,12,126,education
1377,1377,17,14,6,11,201,retail
1378,1378,7,27,1,21,130,realestate
1379,1379,9,4,7,17,72,financial
1380,1380,1,20,0,13,167,software
1381,1381,3,22,3,29,204,pharmaceutical
1382,1382,16,8,0,27,149,retail
1383,1383,16,2,6,29,156,realestate
1384,1384,5,20,2,24,103,pharmaceutical
1385,1385,13,19,1,3,145,pharmaceutical
1386,1386,0,29,1,5,123,education
1387,1387,17,18,7,27,194,retail
1388,1388,4,11,3,29,184,retail
1389,1389,18,28,1,20,78,realestate
1390,1390,4,27,0,6,155,financial
1391,1391,10,22,1,9,127,software
1392,1392,16,5,0,26,158,realestate
1393,1393,4,11,9,10,188,education
1394,1394,6,4,5,9,46,pharmaceutical
1395,1395,1,23,8,0,167,software
1396,1396,19,7,6,17,85,financial
1397,1397,9,20,1,16,91,realestate
1398,1398,10,15,8,5,122,realestate
1399,1399,10,22,9,26,137,retail
1400,1400,13,22,8,0,139,education
1401,1401,4,20,2,11,184,pharmaceutical
1402,1402,19,4,4,3,92,realestate
1403,1403,18,9,5,7,92,pharmaceutical
1404,1404,7,0,7,10,150,education
1405,1405,2,28,5,23,210,realestate
1406,1406,18,28,6,17,69,realestate
1407,1407,10,9,4,15,111,education
1408,1408,19,25,7,19,93,financial
1409,1409,19,13,3,7,112,software
1410,1410,9,5,2,15,87,software
1411,1411,16,20,4,28,152,education
1412,1412,16,27,9,8,159,software
1413,1413,5,17,6,12,124,education
1414,1414,0,29,4,26,119,retail
1415,1415,4,29,8,22,189,education
1416,1416,14,16,9,4,193,education
1417,1417,4,9,8,18,188,retail
1418,1418,1,25,4,17,171,financial
1419,1419,3,23,0,29,165,realestate
1420,1420,3,20,7,11,184,financial
1421,1421,17,26,6,25,202,financial
1422,1422,14,26,9,2,185,education
1423,1423,13,9,7,4,120,education
1424,1424,1,1,5,26,171,education
1425,1425,16,11,7,4,147,pharmaceutical
1426,1426,17,3,8,22,185,education
1427,1427,10,10,0,11,102,software
1428,1428,15,7,9,22,198,retail
1429,1429,0,23,8,23,120,financial
1430,1430,9,7,2,1,44,pharmaceutical
1431,1431,16,0,4,2,162,realestate
1432,1432,3,10,1,26,209,financial
1433,1433,6,2,2,27,39,realestate
1434,1434,11,12,2,13,99,software
1435,1435,6,2,0,26,59,realestate
1436,1436,10,0,6,6,150,education
1437,1437,18,17,1,17,83,pharmaceutical
1438,1438,9,8,7,5,101,education
1439,1439,16,12,2,12,153,pharmaceutical
1440,1440,15,22,7,18,200,retail
1441,1441,7,28,3,27,137,education
1442,1442,17,20,5,17,198,software
1443,1443,11,23,1,22,134,pharmaceutical
1444,1444,7,18,4,10,126,realestate
1445,1445,6,15,3,22,56,pharmaceutical
1446,1446,3,6,9,28,217,realestate
1447,1447,12,27,4,9,79,retail
1448,1448,18,22,2,6,95,financial
1449,1449,7,21,7,14,156,pharmaceutical
1450,1450,13,5,0,8,110,financial
1451,1451,10,20,9,2,99,retail
1452,1452,3,27,4,10,217,retail
1453,1453,3,19,3,15,210,education
1454,1454,11,19,1,7,123,realestate
1455,1455,10,10,6,0,93,pharmaceutical
1456,1456,17,0,9,21,186,software
1457,1457,1,7,1,25,226,realestate
1458,1458,5,12,8,13,118,realestate
1459,1459,15,7,1,13,208,education
1460,1460,13,25,1,23,130,realestate
1461,1461,19,7,7,7,93,pharmaceutical
1462,1462,12,6,7,23,110,realestate
1463,1463,3,27,4,6,172,pharmaceutical
1464,1464,10,14,5,4,93,realestate
1465,1465,14,13,8,18,189,retail
1466,1466,2,14,9,11,204,software
1467,1467,13,0,0,14,138,realestate
1468,1468,16,15,3,14,146,retail
1469,1469,4,18,0,7,190,software
1470,1470,9,19,7,0,49,realestate
1471,1471,4,3,8,14,171,realestate
1472,1472,9,22,7,9,84,software
1473,1473,6,1,7,19,58,software
1474,1474,18,26,9,27,65,software
1475,1475,13,3,4,5,124,retail
1476,1476,14,4,5,12,196,realestate
1477,1477,1,3,0,18,187,education
1478,1478,7,1,9,20,123,education
1479,1479,12,22,9,2,104,software
1480,1480,12,19,2,4,99,retail
1481,1481,12,9,5,23,107,realestate
1482,1482,19,15,6,11,99,education
1483,1483,10,12,1,9,91,education
1484,1484,16,28,1,19,146,realestate
1485,1485,17,10,6,17,190,software
1486,1486,11,15,4,9,104,pharmaceutical
1487,1487,8,29,1,0,141,pharmaceutical
1488,1488,13,26,7,28,103,realestate
1489,1489,18,3,8,8,77,education
1490,1490,2,11,3,20,216,software
1491,1491,19,4,5,19,98,financial
1492,1492,6,16,5,9,86,software
1493,1493,8,3,2,20,140,realestate
1494,1494,15,9,4,14,210,financial
1495,1495,1,23,7,8,190,pharmaceutical
1496,1496,8,1,2,28,171,financial
1497,1497,18,23,8,8,101,realestate
1498,1498,7,23,3,8,164,pharmaceutical
1499,1499,14,21,3,28,194,software
1500,1500,5,16,6,1,132,financial
1501,1501,3,6,2,4,170,realestate
1502,1502,18,25,4,26,76,realestate
1503,1503,12,16,6,16,89,realestate
1504,1504,4,24,7,28,160,pharmaceutical
1505,1505,18,19,7,22,101,education
1506,1506,5,27,2,13,103,realestate
1507,1507,6,11,9,13,77,realestate
1508,1508,12,17,2,25,103,pharmaceutical
1509,1509,3,6,3,4,170,financial
1510,1510,18,25,8,0,94,financial
1511,1511,12,10,7,24,92,financial
1512,1512,12,9,6,15,83,pharmaceutical
1513,1513,9,4,3,15,74,pharmaceutical
1514,1514,1,10,9,26,193,education
1515,1515,10,25,0,18,111,realestate
1516,1516,9,9,4,13,94,retail
1517,1517,2,16,6,24,202,financial
1518,1518,10,14,8,29,138,pharmaceutical
1519,1519,18,20,6,29,98,realestate
1520,1520,12,9,0,20,107,realestate
1521,1521,3,10,7,8,212,financial
1522,1522,1,20,5,3,163,financial
1523,1523,15,19,0,19,203,software
1524,1524,19,20,3,11,100,education
1525,1525,9,3,0,9,75,financial
1526,1526,18,15,8,19,52,education
1527,1527,8,23,7,27,144,financial
1528,1528,3,27,5,27,194,retail
1529,1529,8,24,5,27,206,realestate
1530,1530,10,19,0,10,151,realestate
1531,1531,2,21,1,21,208,software
1532,1532,16,6,6,11,154,financial
1533,1533,7,11,6,13,139,retail
1534,1534,4,20,0,20,183,software
1535,1535,14,24,5,27,187,education
1536,1536,0,16,3,27,123,pharmaceutical
1537,1537,9,8,0,27,92,retail
1538,1538,17,26,1,24,195,realestate
1539,1539,15,8,5,15,183,education
1540,1540,6,23,3,28,66,realestate
1541,1541,8,27,7,6,142,pharmaceutical
1542,1542,18,2,3,6,76,software
1543,1543,8,15,2,12,173,software
1544,1544,19,2,7,10,85,software
1545,1545,13,22,2,1,90,realestate
1546,1546,3,6,3,11,201,pharmaceutical
1547,1547,6,29,5,19,68,realestate
1548,1548,3,16,9,19,207,financial
1549,1549,7,28,7,9,148,financial
1550,1550,12,0,3,12,89,education
1551,1551,17,4,5,18,183,realestate
1552,1552,10,11,5,26,92,education
1553,1553,4,16,7,5,146,pharmaceutical
1554,1554,18,4,7,25,53,pharmaceutical
1555,1555,1,9,6,21,236,retail
1556,1556,15,1,9,6,206,software
1557,1557,10,2,7,7,131,realestate
1558,1558,9,1,2,0,71,education
1559,1559,17,28,6,22,196,education
1560,1560,6,5,4,22,71,pharmaceutical
1561,1561,7,14,7,20,130,pharmaceutical
1562,1562,5,9,8,25,104,software
1563,1563,19,28,7,26,99,realestate
1564,1564,10,25,7,27,143,financial
1565,1565,18,0,0,8,62,education
1566,1566,11,8,1,7,132,education
1567,1567,4,21,9,9,182,retail
1568,1568,2,2,6,16,211,realestate
1569,1569,2,1,7,20,199,education
1570,1570,4,7,6,8,154,pharmaceutical
1571,1571,7,22,3,27,162,realestate
1572,1572,4,12,3,29,194,software
1573,1573,3,27,4,5,177,education
1574,1574,12,21,3,9,106,retail
1575,1575,12,8,1,4,106,education
1576,1576,12,21,2,7,107,pharmaceutical
1577,1577,8,22,2,6,159,software
1578,1578,6,20,0,11,45,software
1579,1579,7,14,3,7,142,software
1580,1580,19,2,6,18,104,retail
1581,1581,4,1,3,7,194,software
1582,1582,14,29,3,0,180,pharmaceutical
1583,1583,13,2,7,26,126,financial
1584,1584,16,19,9,25,162,software
1585,1585,2,8,1,11,204,pharmaceutical
1586,1586,8,7,0,12,207,retail
1587,1587,12,25,8,18,84,pharmaceutical
1588,1588,0,4,5,5,123,education
1589,1589,4,18,1,28,183,education
1590,1590,16,6,1,9,156,pharmaceutical
1591,1591,8,4,9,19,165,realestate
1592,1592,6,6,6,9,67,software
1593,1593,19,20,4,16,117,financial
1594,1594,1,9,9,24,189,software
1595,1595,16,20,2,25,147,education
1596,1596,11,13,1,20,140,education
1597,1597,2,23,8,18,214,financial
1598,1598,3,17,5,10,215,retail
1599,1599,4,4,0,23,151,education
1600,1600,8,9,6,5,121,financial
1601,1601,5,22,1,22,123,software
1602,1602,2,7,3,23,219,pharmaceutical
1603,1603,6,28,1,7,46,financial
1604,1604,6,4,5,25,79,financial
1605,1605,9,27,6,12,54,retail
1606,1606,13,23,3,20,131,retail
1607,1607,19,11,2,15,114,financial
1608,1608,7,1,6,8,137,software
1609,1609,18,20,8,28,90,financial
1610,1610,9,15,9,16,48,pharmaceutical
1611,1611,16,24,7,3,154,financial
1612,1612,10,27,5,14,152,retail
1613,1613,12,7,3,27,87,financial
1614,1614,6,1,8,18,57,realestate
1615,1615,7,24,5,15,137,realestate
1616,1616,5,18,1,27,100,retail
1617,1617,19,2,9,11,89,education
1618,1618,0,20,9,2,123,financial
1619,1619,13,12,2,5,145,retail
1620,1620,12,7,9,5,101,education
1621,1621,7,20,2,9,167,realestate
1622,1622,3,22,8,11,182,software
1623,1623,17,7,3,3,201,financial
1624,1624,10,12,1,2,91,financial
1625,1625,4,15,1,0,155,education
1626,1626,0,3,9,29,119,education
1627,1627,3,10,3,21,187,financial
1628,1628,3,2,0,7,180,retail
1629,1629,11,0,5,1,133,financial
1630,1630,8,10,2,23,159,retail
1631,1631,7,25,8,7,162,financial
1632,1632,8,14,8,29,192,retail
1633,1633,14,18,9,14,184,retail
1634,1634,0,15,7,27,120,pharmaceutical
1635,1635,1,11,6,29,236,software
1636,1636,0,23,8,15,119,retail
1637,1637,14,1,5,9,193,pharmaceutical
1638,1638,12,13,0,4,89,realestate
1639,1639,2,18,5,10,206,education
1640,1640,5,1,4,22,125,education
1641,1641,3,4,5,10,165,retail
1642,1642,5,28,9,12,121,financial
1643,1643,17,5,3,2,196,retail
1644,1644,15,24,5,28,206,pharmaceutical
1645,1645,8,15,6,21,151,retail
1646,1646,17,4,9,27,185,realestate
1647,1647,5,0,5,7,137,financial
1648,1648,17,28,2,15,188,retail
1649,1649,17,9,6,24,197,education
1650,1650,9,2,9,29,58,pharmaceutical
1651,1651,19,3,2,5,117,pharmaceutical
1652,1652,5,12,6,21,123,financial
1653,1653,3,0,6,24,204,software
1654,1654,14,4,3,5,184,retail
1655,1655,12,22,3,8,81,pharmaceutical
1656,1656,10,24,8,4,109,software
1657,1657,19,7,0,2,116,realestate
1658,1658,6,0,9,7,54,software
1659,1659,4,1,9,28,137,pharmaceutical
1660,1660,13,16,1,5,121,retail
1661,1661,7,12,7,3,138,realestate
1662,1662,10,13,4,17,119,realestate
1663,1663,13,4,1,17,142,education
1664,1664,14,13,3,28,185,pharmaceutical
1665,1665,13,16,1,22,102,retail
1666,1666,17,7,7,2,193,retail
1667,1667,4,3,9,24,171,retail
1668,1668,13,29,3,2,125,pharmaceutical
1669,1669,18,16,1,4,62,education
1670,1670,12,2,7,2,84,pharmaceutical
1671,1671,18,8,4,15,85,retail
1672,1672,12,20,9,7,100,realestate
1673,1673,16,21,6,16,149,education
1674,1674,18,20,6,28,89,retail
1675,1675,7,14,7,7,133,retail
1676,1676,5,27,8,24,110,software
1677,1677,12,19,6,2,104,software
1678,1678,3,25,0,3,165,retail
1679,1679,0,27,2,22,123,education
1680,1680,12,18,5,17,81,retail
1681,1681,3,8,5,14,180,retail
1682,1682,8,10,1,28,161,education
1683,1683,7,9,5,13,121,retail
1684,1684,15,16,7,15,201,retail
1685,1685,11,13,5,13,128,retail
1686,1686,1,29,3,10,212,retail
1687,1687,9,23,9,28,92,financial
1688,1688,6,1,5,13,46,financial
1689,1689,6,25,2,22,81,software
1690,1690,6,16,5,28,45,education
1691,1691,7,7,6,16,165,pharmaceutical
1692,1692,11,4,7,13,104,education
1693,1693,16,23,1,13,160,pharmaceutical
1694,1694,10,1,8,19,108,pharmaceutical
1695,1695,6,4,0,11,61,retail
1696,1696,16,5,0,28,160,education
1697,1697,19,6,4,0,117,pharmaceutical
1698,1698,3,29,5,27,202,software
1699,1699,5,14,9,12,136,software
1700,1700,2,11,4,1,206,financial
1701,1701,12,22,5,20,106,financial
1702,1702,19,3,7,8,71,financial
1703,1703,13,27,6,29,122,education
1704,1704,2,14,4,4,199,pharmaceutical
1705,1705,7,11,6,24,144,education
1706,1706,19,27,6,26,107,software
1707,1707,13,15,5,28,105,retail
1708,1708,11,4,4,28,122,software
1709,1709,3,24,0,22,184,realestate
1710,1710,16,6,0,27,154,financial
1711,1711,7,3,9,7,159,education
1712,1712,3,4,3,9,197,realestate
1713,1713,13,5,6,11,138,realestate
1714,1714,4,28,3,24,181,education
1715,1715,4,5,4,5,151,realestate
1716,1716,12,9,8,2,93,retail
1717,1717,4,10,0,1,164,education
1718,1718,8,16,5,11,146,realestate
1719,1719,7,20,1,20,165,education
1720,1720,11,23,5,29,94,software
1721,1721,3,7,1,13,169,retail
1722,1722,1,4,5,12,213,retail
1723,1723,9,6,1,0,71,pharmaceutical
1724,1724,11,29,7,6,124,software
1725,1725,14,11,8,7,190,pharmaceutical
1726,1726,14,17,4,5,197,pharmaceutical
1727,1727,13,10,0,29,138,software
1728,1728,16,27,4,27,160,pharmaceutical
1729,1729,14,16,2,13,178,realestate
1730,1730,7,28,5,9,166,software
1731,1731,19,21,5,1,101,financial
1732,1732,15,27,2,22,196,pharmaceutical
1733,1733,16,14,1,9,146,software
1734,1734,7,26,5,29,132,education
1735,1735,12,15,7,18,108,realestate
1736,1736,7,0,1,3,137,financial
1737,1737,10,17,0,16,108,software
1738,1738,12,18,2,22,90,financial
1739,1739,0,19,6,10,119,pharmaceutical
1740,1740,18,10,1,19,56,pharmaceutical
1741,1741,14,25,0,1,184,pharmaceutical
1742,1742,5,10,6,26,113,financial
1743,1743,8,21,5,14,181,education
1744,1744,1,17,4,7,207,realestate
1745,1745,15,2,4,21,197,pharmaceutical
1746,1746,2,19,6,2,204,realestate
1747,1747,2,9,8,29,217,pharmaceutical
1748,1748,10,25,1,9,143,financial
1749,1749,5,20,3,14,117,pharmaceutical
1750,1750,11,22,1,12,96,realestate
1751,1751,16,24,9,10,149,software
1752,1752,8,13,5,20,176,pharmaceutical
1753,1753,17,11,0,16,185,retail
1754,1754,7,27,9,25,125,pharmaceutical
1755,1755,2,14,7,6,204,financial
1756,1756,6,1,4,18,42,retail
1757,1757,18,11,7,4,61,pharmaceutical
1758,1758,15,27,5,4,210,pharmaceutical
1759,1759,8,16,3,12,205,pharmaceutical
1760,1760,9,11,8,27,45,software
1761,1761,4,28,3,2,149,education
1762,1762,11,12,0,4,115,retail
1763,1763,3,7,3,14,204,financial
1764,1764,16,7,4,6,158,realestate
1765,1765,4,28,7,7,161,education
1766,1766,10,14,3,27,102,pharmaceutical
1767,1767,7,0,9,8,145,software
1768,1768,9,5,9,26,104,software
1769,1769,8,24,8,22,185,education
1770,1770,6,1,8,4,57,education
1771,1771,3,25,0,17,169,software
1772,1772,18,28,8,10,51,pharmaceutical
1773,1773,4,12,8,28,194,realestate
1774,1774,4,3,4,24,172,pharmaceutical
1775,1775,14,15,0,16,192,realestate
1776,1776,19,4,1,0,71,education
1777,1777,6,15,9,16,48,retail
1778,1778,9,27,8,20,75,education
1779,1779,6,16,8,10,44,retail
1780,1780,10,23,6,10,108,financial
1781,1781,15,14,0,9,182,realestate
1782,1782,10,26,1,10,150,pharmaceutical
1783,1783,19,2,7,5,84,financial
1784,1784,17,4,4,8,205,realestate
1785,1785,0,11,2,26,119,software
1786,1786,18,25,8,9,59,pharmaceutical
1787,1787,16,27,8,16,160,software
1788,1788,3,14,2,20,175,retail
1789,1789,16,16,5,28,157,realestate
1790,1790,5,24,4,13,99,software
1791,1791,2,16,9,10,207,pharmaceutical
1792,1792,4,24,9,15,177,retail
1793,1793,12,6,3,15,82,financial
1794,1794,11,1,2,18,114,retail
1795,1795,7,22,3,6,133,realestate
1796,1796,8,24,0,18,120,education
1797,1797,9,29,5,15,66,pharmaceutical
1798,1798,19,4,8,7,75,education
1799,1799,6,28,7,19,48,realestate
1800,1800,10,29,0,29,147,software
1801,1801,17,24,5,26,183,pharmaceutical
1802,1802,5,13,6,25,113,financial
1803,1803,10,15,7,26,153,financial
1804,1804,18,23,3,25,85,realestate
1805,1805,19,24,9,13,109,financial
1806,1806,10,19,7,12,103,retail
1807,1807,4,29,8,5,181,education
1808,1808,19,22,2,18,89,software
1809,1809,12,6,5,0,101,financial
1810,1810,10,8,9,2,140,software
1811,1811,7,7,6,14,161,financial
1812,1812,4,21,6,14,169,pharmaceutical
1813,1813,18,21,3,3,90,education
1814,1814,14,20,8,10,190,realestate
1815,1815,7,24,6,3,119,pharmaceutical
1816,1816,11,12,5,23,117,software
1817,1817,4,13,3,11,134,financial
1818,1818,9,12,7,29,104,software
1819,1819,18,9,3,27,85,education
1820,1820,8,18,3,13,184,education
1821,1821,8,20,6,3,166,retail
1822,1822,9,18,7,9,55,pharmaceutical
1823,1823,14,11,4,6,188,financial
1824,1824,19,23,4,29,109,pharmaceutical
1825,1825,2,6,0,20,212,realestate
1826,1826,14,27,8,13,182,education
1827,1827,19,27,4,4,98,financial
1828,1828,5,22,1,7,112,retail
1829,1829,6,15,5,12,81,realestate
1830,1830,1,4,0,8,218,pharmaceutical
1831,1831,5,3,3,27,107,pharmaceutical
1832,1832,13,16,3,27,111,financial
1833,1833,5,1,6,21,113,pharmaceutical
1834,1834,16,8,7,19,148,pharmaceutical
1835,1835,10,2,8,4,104,pharmaceutical
1836,1836,7,16,0,19,154,software
1837,1837,5,11,3,23,97,realestate
1838,1838,0,28,6,5,122,financial
1839,1839,12,14,3,12,87,education
1840,1840,15,5,6,16,205,financial
1841,1841,11,19,3,6,107,software
1842,1842,13,12,9,8,130,software
1843,1843,14,20,4,12,182,realestate
1844,1844,0,23,5,2,119,education
1845,1845,2,0,2,20,207,education
1846,1846,13,11,1,28,92,education
1847,1847,5,8,2,8,93,software
1848,1848,16,20,7,6,149,education
1849,1849,5,11,8,23,126,retail
1850,1850,2,23,6,22,210,education
1851,1851,17,21,5,2,194,pharmaceutical
1852,1852,3,29,9,19,190,financial
1853,1853,17,7,1,0,204,pharmaceutical
1854,1854,9,11,0,24,43,financial
1855,1855,2,19,8,23,199,retail
1856,1856,4,7,8,15,172,pharmaceutical
1857,1857,10,18,9,4,122,pharmaceutical
1858,1858,5,24,0,11,101,education
1859,1859,10,0,6,23,127,financial
1860,1860,5,1,4,26,110,education
1861,1861,17,27,2,20,191,realestate
1862,1862,18,8,6,6,57,pharmaceutical
1863,1863,8,14,8,10,191,realestate
1864,1864,3,19,0,11,199,realestate
1865,1865,5,7,9,14,125,education
1866,1866,16,11,3,26,162,education
1867,1867,3,6,2,26,170,software
1868,1868,6,12,9,15,56,software
1869,1869,14,11,6,25,180,pharmaceutical
1870,1870,8,24,1,29,147,software
1871,1871,8,19,4,5,131,pharmaceutical
1872,1872,2,14,5,3,202,financial
1873,1873,14,24,8,13,196,pharmaceutical
1874,1874,12,19,1,23,103,realestate
1875,1875,18,25,9,2,64,financial
1876,1876,13,23,5,29,120,retail
1877,1877,18,5,8,0,68,education
1878,1878,8,28,3,29,181,pharmaceutical
1879,1879,1,21,3,6,235,financial
1880,1880,15,9,3,1,187,education
1881,1881,16,6,5,23,149,pharmaceutical
1882,1882,17,0,6,4,201,financial
1883,1883,15,20,4,12,180,financial
1884,1884,13,0,7,11,144,retail
1885,1885,0,24,2,28,122,software
1886,1886,3,3,8,2,205,financial
1887,1887,0,22,2,25,122,realestate
1888,1888,11,25,0,19,97,education
1889,1889,17,20,0,10,185,pharmaceutical
1890,1890,7,0,8,19,167,software
1891,1891,12,19,5,4,109,realestate
1892,1892,4,0,5,5,156,realestate
1893,1893,11,3,2,25,104,financial
1894,1894,1,21,5,25,217,financial
1895,1895,7,7,8,22,145,realestate
1896,1896,2,22,8,17,208,pharmaceutical
1897,1897,19,13,0,24,99,financial
1898,1898,16,21,0,17,151,education
1899,1899,19,21,8,18,115,software
1900,1900,16,18,2,6,149,education
1901,1901,7,1,6,21,156,education
1902,1902,19,1,6,27,88,education
1903,1903,18,2,3,4,56,retail
1904,1904,12,14,6,10,92,retail
1905,1905,13,10,2,15,86,education
1906,1906,18,13,2,12,84,realestate
1907,1907,3,20,7,15,204,retail
1908,1908,9,10,9,22,94,realestate
1909,1909,15,27,1,11,179,pharmaceutical
1910,1910,11,19,6,4,130,pharmaceutical
1911,1911,0,9,0,3,123,retail
1912,1912,13,0,9,18,131,financial
1913,1913,4,15,2,24,143,realestate
1914,1914,3,1,1,4,178,software
1915,1915,0,8,5,8,122,software
1916,1916,18,5,6,23,92,software
1917,1917,13,11,3,15,128,financial
1918,1918,9,28,0,0,55,software
1919,1919,9,15,2,12,85,realestate
1920,1920,2,19,9,23,218,retail
1921,1921,1,18,4,3,155,education
1922,1922,8,16,1,25,159,financial
1923,1923,5,14,1,14,136,retail
1924,1924,4,25,3,5,140,pharmaceutical
1925,1925,4,26,9,1,179,realestate
1926,1926,18,19,3,11,66,education
1927,1927,5,26,7,27,106,retail
1928,1928,4,9,6,25,132,software
1929,1929,1,18,2,27,164,realestate
1930,1930,1,2,4,24,235,education
1931,1931,16,17,5,7,153,realestate
1932,1932,8,11,9,17,189,pharmaceutical
1933,1933,4,4,7,27,158,education
1934,1934,18,6,6,20,64,financial
1935,1935,12,25,2,21,85,software
1936,1936,14,9,7,8,190,software
1937,1937,12,2,1,14,95,realestate
1938,1938,17,11,0,12,195,retail
1939,1939,6,3,4,3,61,education
1940,1940,18,5,1,18,61,realestate
1941,1941,16,6,9,0,159,retail
1942,1942,19,24,6,27,81,education
1943,1943,0,10,9,15,121,realestate
1944,1944,16,0,3,23,149,realestate
1945,1945,8,5,7,24,142,financial
1946,1946,16,10,7,27,148,pharmaceutical
1947,1947,2,17,3,8,212,retail
1948,1948,14,28,0,29,184,financial
1949,1949,19,0,8,21,80,software
1950,1950,8,9,6,8,130,financial
1951,1951,17,17,6,20,187,retail
1952,1952,19,21,8,7,74,financial
1953,1953,8,25,6,11,131,realestate
1954,1954,10,16,3,17,99,pharmaceutical
1955,1955,14,28,5,26,189,retail
1956,1956,19,22,2,19,109,financial
1957,1957,7,7,5,23,141,software
1958,1958,5,9,7,26,100,realestate
1959,1959,0,7,7,25,120,education
1960,1960,5,18,9,13,138,education
1961,1961,14,9,7,15,181,retail
1962,1962,2,26,1,1,215,software
1963,1963,10,16,1,4,124,software
1964,1964,17,12,7,23,204,realestate
1965,1965,9,9,9,5,69,pharmaceutical
1966,1966,7,0,6,25,119,financial
1967,1967,19,19,4,10,104,retail
1968,1968,19,26,4,5,71,financial
1969,1969,7,0,7,8,136,retail
1970,1970,1,29,4,19,172,software
1971,1971,6,28,2,29,52,education
1972,1972,0,13,6,18,122,retail
1973,1973,10,13,2,5,141,financial
1974,1974,14,14,4,15,181,pharmaceutical
1975,1975,14,3,5,12,188,software
1976,1976,18,3,4,0,93,software
1977,1977,2,25,4,5,219,financial
1978,1978,15,25,7,26,180,financial
1979,1979,8,16,4,8,197,realestate
1980,1980,4,6,2,7,174,financial
1981,1981,7,4,2,15,122,pharmaceutical
1982,1982,1,12,3,22,232,financial
1983,1983,8,26,1,14,130,financial
1984,1984,13,4,6,26,135,education
1985,1985,1,8,0,24,190,education
1986,1986,15,26,1,24,203,realestate
1987,1987,7,8,2,27,122,financial
1988,1988,15,14,6,14,184,financial
1989,1989,13,13,4,16,103,retail
1990,1990,18,8,7,12,73,education
1991,1991,2,23,0,4,203,realestate
1992,1992,15,19,5,3,200,realestate
1993,1993,18,5,4,25,86,pharmaceutical
1994,1994,0,21,9,9,122,realestate
1995,1995,16,18,3,6,158,financial
1996,1996,2,24,2,26,207,education
1997,1997,17,3,6,6,205,retail
1998,1998,0,9,6,2,121,realestate
1999,1999,7,18,3,21,164,financial
